{"content":[{"id":"5f6f06d4","settings":{"background_background":"classic","background_color":"#000000","background_color_b":"#262626","background_overlay_background":"classic","background_overlay_opacity":{"unit":"px","size":0.7199999999999999733546474089962430298328399658203125,"sizes":[]},"padding":{"unit":"px","top":"50","right":"0","bottom":"50","left":"0","isLinked":false},"background_overlay_size":"auto","background_image":{"id":1045,"url":"https:\/\/plrflix.net\/wp-content\/uploads\/2021\/07\/jantar-fitness-1200x738-1.png","alt":"","source":"library"},"margin_mobile":{"unit":"px","top":"0","right":0,"bottom":"0","left":0,"isLinked":false},"padding_mobile":{"unit":"px","top":"50","right":"0","bottom":"50","left":"0","isLinked":false},"background_position":"center center","background_position_mobile":"center center","background_size_mobile":"cover","background_overlay_color":"#000000","background_size":"cover","margin":{"unit":"px","top":"0","right":0,"bottom":"-50","left":0,"isLinked":false}},"elements":[{"id":"4288acfb","settings":{"_column_size":100,"_inline_size":null},"elements":[{"id":"5fd3d196","settings":{"content_width":{"unit":"px","size":800,"sizes":[]},"padding":{"unit":"px","top":"0","right":"0","bottom":"0","left":"0","isLinked":false},"margin":{"unit":"px","top":"-54","right":0,"bottom":"0","left":0,"isLinked":false}},"elements":[{"id":"1d829221","settings":{"_column_size":100,"_inline_size":null,"space_between_widgets":0},"elements":[{"id":"777f6e47","settings":{"editor":"PARAB\u00c9NS!","align":"center","text_color":"#FFFFFF","typography_typography":"custom","typography_font_family":"Roboto","typography_font_size":{"unit":"px","size":37,"sizes":[]},"typography_font_weight":"bold","_margin":{"unit":"px","top":"10","right":"0","bottom":"0","left":"0","isLinked":false},"typography_font_size_mobile":{"unit":"px","size":40,"sizes":[]}},"elements":[],"isInner":false,"widgetType":"text-editor","elType":"widget"}],"isInner":true,"elType":"column"}],"isInner":true,"elType":"section"}],"isInner":false,"elType":"column"}],"isInner":false,"elType":"section"},{"id":"956874c","settings":{"padding":{"unit":"px","top":"50","right":"0","bottom":"50","left":"0","isLinked":false},"background_background":"classic","background_size":"cover","padding_mobile":{"unit":"px","top":"50","right":"0","bottom":"50","left":"0","isLinked":false},"background_color":"#C9F4C1","background_color_b":"#262626","background_position":"center right","background_size_mobile":"cover","background_overlay_color":"#000000","background_overlay_size":"auto","background_overlay_opacity":{"unit":"px","size":0.90000000000000002220446049250313080847263336181640625,"sizes":[]},"margin_mobile":{"unit":"px","top":"0","right":0,"bottom":"0","left":0,"isLinked":false},"background_position_mobile":"center center","border_width":{"unit":"px","top":"0","right":"0","bottom":"2","left":"0","isLinked":false}},"elements":[{"id":"a54679a","settings":{"_column_size":100,"_inline_size":null,"space_between_widgets":0,"padding_mobile":{"unit":"px","top":"0","right":"20","bottom":"0","left":"20","isLinked":false}},"elements":[{"id":"6787c4a5","settings":{"content_width":{"unit":"px","size":784,"sizes":[]},"margin":{"unit":"px","top":"-61","right":0,"bottom":"0","left":0,"isLinked":false},"padding":{"unit":"px","top":"0","right":"0","bottom":"0","left":"0","isLinked":false}},"elements":[{"id":"7c6b3704","settings":{"_column_size":100,"_inline_size":null},"elements":[{"id":"4ca9256a","settings":{"editor":"<p>Estamos te enviando o e-book <strong>\"Desafio 24 dias\"<\/strong> juntamente com os b\u00f4nus para seu e-mail. Em instantes voc\u00ea receber\u00e1 o acesso de todo o material no seu e-mail de compra!<\/p>","align":"center","text_color":"#000000","typography_typography":"custom","typography_font_family":"Roboto","typography_font_size":{"unit":"px","size":27,"sizes":[]},"typography_font_weight":"400","_margin":{"unit":"px","top":"0","right":"0","bottom":"0","left":"0","isLinked":false},"_padding":{"unit":"px","top":"0","right":"0","bottom":"0","left":"0","isLinked":false},"_margin_mobile":{"unit":"px","top":"0","right":"0","bottom":"20","left":"0","isLinked":false},"_padding_mobile":{"unit":"px","top":"0","right":"0","bottom":"0","left":"0","isLinked":false},"typography_font_size_mobile":{"unit":"px","size":25,"sizes":[]}},"elements":[],"isInner":false,"widgetType":"text-editor","elType":"widget"}],"isInner":true,"elType":"column"}],"isInner":true,"elType":"section"},{"id":"2471c1e8","settings":{"structure":"30","margin":{"unit":"px","top":"0","right":0,"bottom":"-36","left":0,"isLinked":false},"padding":{"unit":"px","top":"0","right":"0","bottom":"0","left":"0","isLinked":false}},"elements":[{"id":"6e64cf66","settings":{"_column_size":33,"_inline_size":25},"elements":[],"isInner":true,"elType":"column"},{"id":"2bf1899","settings":{"_column_size":33,"_inline_size":49.33200000000000073896444519050419330596923828125},"elements":[{"id":"15734083","settings":{"image":{"id":848,"url":"https:\/\/plrflix.net\/wp-content\/uploads\/2021\/07\/dieta-felicidade-balanca.jpg","alt":"","source":"library"},"width_mobile":{"unit":"%","size":100,"sizes":[]},"image_border_radius":{"unit":"px","top":"13","right":"13","bottom":"13","left":"13","isLinked":true},"image_box_shadow_box_shadow_type":"yes","image_box_shadow_box_shadow":{"horizontal":-6,"vertical":0,"blur":24,"spread":-3,"color":"rgba(0,0,0,0.5)"},"_animation":"zoomIn"},"elements":[],"isInner":false,"widgetType":"image","elType":"widget"}],"isInner":true,"elType":"column"},{"id":"40560d7c","settings":{"_column_size":33,"_inline_size":25},"elements":[],"isInner":true,"elType":"column"}],"isInner":true,"elType":"section"}],"isInner":false,"elType":"column"}],"isInner":false,"elType":"section"},{"id":"3ea2720a","settings":{"background_background":"classic","background_repeat":"no-repeat","background_size":"cover","background_overlay_color":"#000000","background_overlay_opacity":{"unit":"px","size":0.8000000000000000444089209850062616169452667236328125,"sizes":[]},"background_color":"#FFFFFF","padding":{"unit":"px","top":"50","right":"0","bottom":"50","left":"0","isLinked":false}},"elements":[{"id":"48177740","settings":{"_column_size":100,"_inline_size":null},"elements":[{"id":"1b335888","settings":{"margin":{"unit":"px","top":"0","right":0,"bottom":"0","left":0,"isLinked":false},"padding":{"unit":"px","top":"0","right":"0","bottom":"0","left":"0","isLinked":false},"reverse_order_tablet":"reverse-tablet","reverse_order_mobile":"reverse-mobile","content_width":{"unit":"px","size":700,"sizes":[]}},"elements":[{"id":"4a194d00","settings":{"_column_size":100,"_inline_size":null,"content_position":"center","border_border":"solid","border_width":{"unit":"px","top":"2","right":"2","bottom":"2","left":"2","isLinked":true},"border_radius":{"unit":"px","top":"20","right":"20","bottom":"20","left":"20","isLinked":true},"padding":{"unit":"px","top":"30","right":"0","bottom":"30","left":"0","isLinked":false},"padding_mobile":{"unit":"px","top":"30","right":"30","bottom":"30","left":"30","isLinked":false}},"elements":[{"id":"21653c6a","settings":{"editor":"<span style=\"color: #000000; font-size: 24pt;\"><strong><span style=\"font-family: arial, helvetica, sans-serif;\">Recomendado<\/span><\/strong><\/span>","align":"center","text_color":"#000000","typography_typography":"custom","typography_font_family":"Roboto","typography_font_size":{"unit":"px","size":27,"sizes":[]},"typography_font_weight":"400","_margin":{"unit":"px","top":"0","right":"0","bottom":"0","left":"0","isLinked":false},"_padding":{"unit":"px","top":"0","right":"0","bottom":"0","left":"0","isLinked":false},"_margin_mobile":{"unit":"px","top":"0","right":"0","bottom":"20","left":"0","isLinked":false},"_padding_mobile":{"unit":"px","top":"0","right":"0","bottom":"0","left":"0","isLinked":false}},"elements":[],"isInner":false,"widgetType":"text-editor","elType":"widget"},{"id":"1b2ed6e5","settings":{"editor":"<span style=\"color: #808080; font-family: arial, helvetica, sans-serif; font-size: 18pt; letter-spacing: -0.015em;\">[Oferta de Upsell aqui]<\/span>","align":"center","text_color":"#000000","typography_typography":"custom","typography_font_family":"Roboto","typography_font_size":{"unit":"px","size":27,"sizes":[]},"typography_font_weight":"400","_margin":{"unit":"px","top":"0","right":"0","bottom":"0","left":"0","isLinked":false},"_padding":{"unit":"px","top":"0","right":"0","bottom":"0","left":"0","isLinked":false},"_margin_mobile":{"unit":"px","top":"0","right":"0","bottom":"20","left":"0","isLinked":false},"_padding_mobile":{"unit":"px","top":"0","right":"0","bottom":"0","left":"0","isLinked":false}},"elements":[],"isInner":false,"widgetType":"text-editor","elType":"widget"},{"id":"62960cbb","settings":{"text":"CLIQUE AQUI PARA OBTER ACESSO IMEDIATO","align":"center","typography_typography":"custom","typography_font_family":"Roboto","typography_font_size":{"unit":"px","size":20,"sizes":[]},"typography_font_weight":"500","background_color":"#FF0000"},"elements":[],"isInner":false,"widgetType":"button","elType":"widget"}],"isInner":true,"elType":"column"}],"isInner":true,"elType":"section"}],"isInner":false,"elType":"column"}],"isInner":false,"elType":"section"}],"page_settings":{"background_background":"classic","background_color":"#FFFFFF","ha_grid_zindex":"1000","eael_ext_toc_title":"Table of Contents"},"version":"0.4","title":"obrigado.cartao.receitas","type":"page"}